Survived,Pclass,Sex,Age,SibSp,Parch,Fare,Embarked,HasCabin,Title,FamilySize,IsAlone,Fare_log
0,3,1,-0.5657364610748746,1,0,7.25,2,0,2,2,0,-0.8797405693934278
1,1,0,0.6638610320657843,1,0,71.2833,0,1,3,2,0,1.3612199269233833
1,3,0,-0.2583370877897099,0,0,7.925,2,0,1,1,1,-0.798539974052802
1,1,0,0.4333115021019107,1,0,53.1,2,1,3,2,0,1.0620380556287106
0,3,1,0.4333115021019107,0,0,8.05,2,0,2,1,1,-0.7841792430073967
0,3,1,-0.10463740114712752,0,0,8.4583,1,0,2,1,1,-0.7386163019798164
0,1,1,1.893458525206443,0,0,51.8625,2,1,2,1,1,1.038145562232327
0,3,1,-2.1027333275006983,3,1,21.075,2,0,0,5,0,0.13649913806595457
1,3,0,-0.1814872444684187,0,2,11.1333,2,0,3,3,0,-0.48145578049281285
1,2,0,-1.180535207645204,1,0,30.0708,0,0,3,2,0,0.4894379098126231
1,3,0,-1.949033640858116,1,1,16.7,2,1,1,3,0,-0.09156500424402261
1,1,0,2.200857898491608,0,0,26.55,2,1,1,1,1,0.36526093570402607
0,3,1,-0.719436147717457,0,0,8.05,2,0,2,1,1,-0.7841792430073967
0,3,1,0.7407108753870755,1,5,31.275,2,0,2,7,0,0.5286989276421437
0,3,0,-1.180535207645204,0,0,7.8542,2,0,1,1,1,-0.806763380796033
1,2,0,1.9703083685277343,0,0,16.0,2,0,3,1,1,-0.13322852057373055
0,3,1,-2.1027333275006983,4,1,29.125,1,0,0,6,0,0.457519539438721
1,2,1,-0.10463740114712752,0,0,13.0,2,0,2,1,1,-0.3336984726090332
0,3,0,0.12591212881674602,1,0,18.0,2,0,3,2,0,-0.01838583697289204
1,3,0,-0.10463740114712752,0,0,7.225,0,0,3,1,1,-0.8828741679067217
0,2,1,0.4333115021019107,0,0,26.0,2,0,2,1,1,0.3444394801955362
1,2,1,0.35646165878061953,0,0,13.0,2,1,2,1,1,-0.3336984726090332
1,3,0,-1.1036853643239128,0,0,8.0292,1,0,1,1,1,-0.7865550587251358
1,1,1,-0.10463740114712752,0,0,35.5,2,1,2,1,1,0.6557188297748954
0,3,0,-1.6416342675729512,3,1,21.075,2,0,1,5,0,0.13649913806595457
1,3,0,0.6638610320657843,1,5,31.3875,2,0,3,7,0,0.5322916934007406
0,3,1,-0.10463740114712752,0,0,7.225,0,0,2,1,1,-0.8828741679067217
0,1,1,-0.7962859910387481,3,2,263.0,2,1,2,6,0,2.6987007794454887
1,3,0,-0.10463740114712752,0,0,7.8792,1,0,1,1,1,-0.8038521494426432
0,3,1,-0.10463740114712752,0,0,7.8958,2,0,2,1,1,-0.8019236166026618
0,1,1,0.8175607187083667,0,0,27.7208,0,0,4,1,1,0.4082334475616762
1,1,0,-0.10463740114712752,1,0,146.5208,0,1,3,2,0,2.097794920021772
1,3,0,-0.10463740114712752,0,0,7.75,1,0,1,1,1,-0.8189865811572414
0,2,1,2.8156566450619374,0,0,10.5,2,0,2,1,1,-0.5368057694182641
0,1,1,-0.10463740114712752,1,0,82.1708,0,0,2,2,0,1.5060857797883969
0,1,1,0.9712604053509489,1,0,52.0,2,0,2,2,0,1.0408277503255374
1,3,1,-0.10463740114712752,0,0,7.2292,0,0,2,1,1,-0.8823470582632056
0,3,1,-0.6425863043961658,0,0,8.05,2,0,2,1,1,-0.7841792430073967
0,3,0,-0.8731358343600393,2,0,18.0,2,0,1,3,0,-0.01838583697289204
1,3,0,-1.180535207645204,1,0,11.2417,0,0,1,2,0,-0.47227211715402734
0,3,0,0.8175607187083667,1,0,9.475,2,0,3,2,0,-0.6331972544104211
0,2,0,-0.1814872444684187,1,0,21.0,2,0,3,2,0,0.1329851701219792
0,3,1,-0.10463740114712752,0,0,7.8958,0,0,2,1,1,-0.8019236166026618
1,2,0,-2.025883484179407,1,2,41.5792,0,0,1,4,0,0.8147822510349934
1,3,0,-0.7962859910387481,0,0,7.8792,1,0,1,1,1,-0.8038521494426432
0,3,1,-0.10463740114712752,0,0,8.05,2,0,2,1,1,-0.7841792430073967
0,3,1,-0.10463740114712752,1,0,15.5,1,0,2,2,0,-0.16405229962564447
1,3,0,-0.10463740114712752,0,0,7.75,1,0,1,1,1,-0.8189865811572414
0,3,1,-0.10463740114712752,2,0,21.6792,0,0,2,3,0,0.1643797141666741
0,3,0,-0.8731358343600393,1,0,17.8,2,0,3,2,0,-0.0293120756270656
0,3,1,-1.7184841108942424,4,1,39.6875,2,0,0,6,0,0.7678594338107121
0,3,1,-0.6425863043961658,0,0,7.8,2,0,2,1,1,-0.8131032608653792
1,1,0,1.5092093085999871,1,0,76.7292,0,1,3,2,0,1.4362199751817062
1,2,0,-0.027787557825836348,1,0,26.0,2,0,3,2,0,0.3444394801955362
0,1,1,2.738806801740646,0,1,61.9792,0,1,2,2,0,1.2189504454470093
1,1,1,-0.10463740114712752,0,0,35.5,2,1,2,1,1,0.6557188297748954
1,2,0,-0.6425863043961658,0,0,10.5,2,0,1,1,1,-0.5368057694182641
0,3,1,-0.06621247948648194,0,0,7.2292,0,0,2,1,1,-0.8823470582632056
1,2,0,-1.8721837975368247,1,2,27.75,2,0,1,4,0,0.40928266156909443
0,3,1,-1.4110847376090776,5,2,46.9,2,0,0,8,0,0.936361092700485
0,3,1,-0.5657364610748746,0,0,7.2292,0,0,2,1,1,-0.8823470582632056
1,1,0,0.6638610320657843,0,0,80.0,2,1,1,1,1,1.4787785499834798
0,1,1,1.2018099353148226,1,0,83.475,2,1,2,2,0,1.5221510751129648
0,3,1,-1.949033640858116,3,2,27.9,2,0,0,6,0,0.4146557174979072
0,1,1,-0.10463740114712752,0,0,27.7208,0,0,2,1,1,0.4082334475616762
1,3,1,-0.10463740114712752,1,1,15.2458,0,0,0,3,0,-0.1800831698720664
1,2,0,-0.027787557825836348,0,0,10.5,2,1,3,1,1,-0.5368057694182641
0,3,1,-0.7962859910387481,0,0,8.1583,2,0,2,1,1,-0.7718965778779472
1,3,0,-0.9499856776813305,4,2,7.925,2,0,1,7,0,-0.798539974052802
0,3,1,-0.2583370877897099,2,0,8.6625,2,0,2,3,0,-0.7165619336211217
0,2,1,0.20276197213803718,0,0,10.5,2,0,2,1,1,-0.5368057694182641
0,3,0,-1.0268355210026217,5,2,46.9,2,0,1,8,0,0.936361092700485
0,2,1,-0.6425863043961658,0,0,73.5,2,0,2,1,1,1.3924082286355355
0,3,1,-0.2583370877897099,1,0,14.4542,0,0,2,2,0,-0.23166125968823223
1,3,1,0.20276197213803718,0,0,56.4958,2,0,2,1,1,1.1248955097361595
0,3,1,-0.33518693111100106,0,0,7.65,2,1,2,1,1,-0.830854756854953
0,3,1,-0.10463740114712752,0,0,7.8958,2,0,2,1,1,-0.8019236166026618
0,3,1,-0.10463740114712752,0,0,8.05,2,0,2,1,1,-0.7841792430073967
1,2,1,-2.192647644186609,0,2,29.0,2,0,0,3,0,0.4532263111425748
1,3,0,0.04906228549545483,0,0,12.475,2,0,1,1,1,-0.37316263612134226
0,3,1,-0.5657364610748746,0,0,9.0,2,0,2,1,1,-0.6811127586453682
1,3,1,-0.027787557825836348,0,0,9.5,2,0,2,1,1,-0.6307359423566569
1,3,0,-0.10463740114712752,0,0,7.7875,1,0,1,1,1,-0.8145709511162281
0,1,1,-0.10463740114712752,0,0,47.1,2,0,2,1,1,0.940663265248102
1,2,0,-0.9499856776813305,0,0,10.5,2,0,1,1,1,-0.5368057694182641
1,3,0,0.27961181545932834,3,0,15.85,2,0,3,4,0,-0.1423794216910609
0,3,1,-1.0268355210026217,1,3,34.375,2,0,2,5,0,0.6233938271906204
0,3,1,-0.10463740114712752,0,0,8.05,2,0,2,1,1,-0.7841792430073967
1,1,0,-0.48888661775358344,3,2,263.0,2,1,1,6,0,2.6987007794454887
0,3,1,-0.41203677443229225,0,0,8.05,2,0,2,1,1,-0.7841792430073967
0,3,1,-0.027787557825836348,0,0,8.05,2,0,2,1,1,-0.7841792430073967
0,3,1,-0.719436147717457,0,0,7.8542,2,0,2,1,1,-0.806763380796033
0,1,1,1.2786597786361138,1,0,61.175,2,1,2,2,0,1.2056809915054134
0,3,1,-0.2583370877897099,1,2,20.575,2,0,2,4,0,0.11284358066326507
0,3,1,2.277707741812899,0,0,7.25,2,0,2,1,1,-0.8797405693934278
0,3,1,-0.10463740114712752,0,0,8.05,2,0,2,1,1,-0.7841792430073967
0,1,1,3.1999058616683933,0,0,34.6542,0,1,2,1,1,0.6315110816648204
1,1,1,-0.48888661775358344,0,1,63.3583,0,1,2,2,0,1.241316266924983
1,2,0,0.35646165878061953,0,1,23.0,2,0,3,2,0,0.2228261499229997
0,2,1,0.35646165878061953,1,0,26.0,2,0,2,2,0,0.3444394801955362
0,3,0,-0.10463740114712752,0,0,7.8958,2,0,1,1,1,-0.8019236166026618
0,3,1,-0.10463740114712752,0,0,7.8958,2,0,2,1,1,-0.8019236166026618
0,1,1,-0.6425863043961658,0,1,77.2875,2,1,2,2,0,1.443609675522841
0,3,1,0.27961181545932834,0,0,8.6542,2,0,2,1,1,-0.7174492400289059
0,3,1,0.5870111887444931,2,0,7.925,2,0,2,3,0,-0.798539974052802
0,3,1,-0.10463740114712752,0,0,7.8958,2,0,2,1,1,-0.8019236166026618
1,3,0,-0.6425863043961658,0,0,7.65,2,0,1,1,1,-0.830854756854953
1,3,1,-0.10463740114712752,0,0,7.775,2,0,2,1,1,-0.8160407306065733
0,3,1,0.6638610320657843,0,0,7.8958,2,0,2,1,1,-0.8019236166026618
1,3,0,-0.10463740114712752,1,0,24.15,1,0,1,2,0,0.2711522804976662
0,1,1,1.3555096219574048,0,0,52.0,2,1,2,1,1,1.0408277503255374
0,3,0,-1.1421102859845584,1,0,14.4542,0,0,1,2,0,-0.23166125968823223
0,3,1,-0.5657364610748746,0,0,8.05,2,0,2,1,1,-0.7841792430073967
0,3,0,-0.719436147717457,1,0,9.825,2,0,1,2,0,-0.5992616204389827
0,3,0,-0.9499856776813305,0,0,14.4583,0,0,1,1,1,-0.23138736843472296
0,3,1,-0.6425863043961658,0,0,7.925,2,0,2,1,1,-0.798539974052802
0,3,1,3.1614809400077477,0,0,7.75,1,0,2,1,1,-0.8189865811572414
0,2,1,-0.027787557825836348,1,0,21.0,2,0,2,2,0,0.1329851701219792
0,1,1,-0.41203677443229225,0,1,247.5208,0,1,2,2,0,2.6363132839087284
0,3,0,-2.1027333275006983,4,2,31.275,2,0,1,7,0,0.5286989276421437
0,2,1,-0.6425863043961658,2,0,73.5,2,0,2,3,0,1.3924082286355355
0,3,1,-0.10463740114712752,0,0,8.05,2,0,2,1,1,-0.7841792430073967
0,2,1,0.24118689379868277,1,0,30.0708,0,0,2,2,0,0.4894379098126231
1,2,0,0.24118689379868277,0,0,13.0,2,1,1,1,1,-0.3336984726090332
0,1,1,1.893458525206443,0,1,77.2875,2,1,2,2,0,1.443609675522841
1,3,1,-1.3342348942877864,1,0,11.2417,0,0,0,2,0,-0.47227211715402734
0,3,1,-0.10463740114712752,0,0,7.75,1,0,2,1,1,-0.8189865811572414
1,3,1,-0.41203677443229225,0,0,7.1417,2,0,2,1,1,-0.8933844909173265
1,3,0,-0.10463740114712752,1,1,22.3583,0,1,1,3,0,0.19484336402527688
0,3,1,1.2018099353148226,0,0,6.975,2,0,2,1,1,-0.9147445967366699
0,3,1,0.27961181545932834,0,0,7.8958,0,0,2,1,1,-0.8019236166026618
0,3,1,-0.719436147717457,0,0,7.05,2,0,2,1,1,-0.9050797531497122
0,3,0,1.3555096219574048,1,0,14.5,2,0,3,2,0,-0.2286058134653583
1,2,0,-0.027787557825836348,1,0,26.0,2,0,3,2,0,0.3444394801955362
0,2,1,-0.33518693111100106,0,0,13.0,2,0,2,1,1,-0.3336984726090332
0,2,1,-0.48888661775358344,0,0,15.0458,0,0,2,1,1,-0.19287328396337328
1,1,0,-0.7962859910387481,0,2,26.2833,2,1,1,3,0,0.3552168481314282
0,1,1,0.5870111887444931,1,0,53.1,2,1,2,2,0,1.0620380556287106
0,3,1,-1.0268355210026217,0,0,9.2167,2,0,2,1,1,-0.6589770356240848
0,1,1,-0.41203677443229225,0,0,79.2,0,1,2,1,1,1.4685301291949246
0,3,0,-0.10463740114712752,0,2,15.2458,0,0,3,3,0,-0.1800831698720664
1,3,0,-0.5657364610748746,0,0,7.75,2,0,1,1,1,-0.8189865811572414
1,3,0,-0.41203677443229225,1,0,15.85,2,0,3,2,0,-0.1423794216910609
0,3,1,-0.7962859910387481,0,0,6.75,1,0,2,1,1,-0.9442940832331417
0,2,1,-0.8731358343600393,0,0,11.5,2,0,2,1,1,-0.4507125974257932
0,2,1,-0.7962859910387481,1,1,36.75,2,0,2,3,0,0.6904870950626278
1,3,1,-0.1814872444684187,0,0,7.7958,2,0,2,1,1,-0.8135961720983267
0,3,0,-1.56478442425166,2,2,34.375,2,0,1,5,0,0.6233938271906204
0,2,1,0.5485862670838475,0,2,26.0,2,1,2,3,0,0.3444394801955362
0,2,1,0.9712604053509489,0,0,13.0,2,0,4,1,1,-0.3336984726090332
0,2,1,1.6629089952425695,0,0,12.525,2,0,4,1,1,-0.3693384839068557
1,1,0,-0.5657364610748746,1,0,66.6,2,1,3,2,0,1.2920564383571118
0,3,1,2.00873329018838,0,0,8.05,2,0,2,1,1,-0.7841792430073967
0,3,1,0.8559856403690123,0,2,14.5,2,0,2,3,0,-0.2286058134653583
0,3,1,-0.10463740114712752,0,0,7.3125,2,0,2,1,1,-0.8719479292525482
0,1,1,1.6629089952425695,0,1,61.3792,0,0,2,2,0,1.2090665177433995
1,3,0,-1.0268355210026217,0,0,7.7333,1,0,1,1,1,-0.8209591021193487
0,3,1,0.04906228549545483,0,0,8.05,2,0,2,1,1,-0.7841792430073967
0,3,1,-0.10463740114712752,0,0,8.6625,2,0,2,1,1,-0.7165619336211217
0,3,1,-0.10463740114712752,8,2,69.55,2,0,0,11,0,1.3361591794576348
0,3,1,1.1249600919935314,0,1,16.1,2,0,2,2,0,-0.12717266791993012
1,2,0,0.8175607187083667,0,0,15.75,2,0,3,1,1,-0.1485253917280838
0,3,1,-0.2583370877897099,0,0,7.775,2,0,2,1,1,-0.8160407306065733
0,3,1,-0.9499856776813305,0,0,8.6625,2,0,2,1,1,-0.7165619336211217
0,3,1,-2.1795831708219895,4,1,39.6875,2,0,0,6,0,0.7678594338107121
1,3,1,-1.56478442425166,0,2,20.525,2,0,0,3,0,0.11044794172866994
1,1,0,-0.10463740114712752,0,1,55.0,2,1,3,2,0,1.0976780669265336
0,3,0,1.2018099353148226,1,4,27.9,2,0,3,6,0,0.4146557174979072
0,1,1,-0.10463740114712752,0,0,25.925,2,0,2,1,1,0.34156737843370105
0,3,1,-0.10463740114712752,0,0,56.4958,2,0,2,1,1,1.1248955097361595
0,1,1,2.4314074284554814,0,0,33.5,2,1,2,1,1,0.5975333003696796
0,3,1,-1.949033640858116,4,1,29.125,1,0,0,6,0,0.457519539438721
1,3,0,-2.1795831708219895,1,1,11.1333,2,0,1,3,0,-0.48145578049281285
0,3,1,-0.6425863043961658,0,0,7.925,2,0,2,1,1,-0.798539974052802
0,1,1,2.0471582118490255,0,0,30.6958,0,1,2,1,1,0.5100012756239033
0,3,1,-0.8731358343600393,1,1,7.8542,2,0,2,3,0,-0.806763380796033
0,3,1,-0.10463740114712752,3,1,25.4667,2,0,0,5,0,0.32384119624754826
0,1,0,1.5860591519212783,0,0,28.7125,0,1,1,1,1,0.4432836100273541
0,2,1,0.04906228549545483,0,0,13.0,2,0,2,1,1,-0.3336984726090332
0,3,1,0.5101613454232019,0,0,0.0,2,0,2,1,1,-3.0585777291682934
0,3,0,-0.10463740114712752,8,2,69.55,2,0,1,11,0,1.3361591794576348
0,2,1,-0.10463740114712752,0,0,15.05,0,0,2,1,1,-0.19260305647698941
0,3,1,-1.56478442425166,4,2,31.3875,2,0,0,7,0,0.5322916934007406
1,2,1,-2.1795831708219895,2,1,39.0,2,1,0,4,0,0.750263780890198
1,3,0,-1.949033640858116,0,2,22.025,2,0,1,3,0,0.1800041951014629
0,1,1,-0.10463740114712752,0,0,50.0,2,1,2,1,1,1.0011105492142125
1,3,0,-0.10463740114712752,1,0,15.5,1,0,3,2,0,-0.16405229962564447
1,1,1,1.2018099353148226,0,0,26.55,2,0,2,1,1,0.36526093570402607
0,3,1,0.8175607187083667,1,1,15.5,1,0,2,3,0,-0.16405229962564447
0,3,1,0.5101613454232019,0,0,7.8958,2,0,2,1,1,-0.8019236166026618
1,2,0,0.20276197213803718,0,0,13.0,2,0,3,1,1,-0.3336984726090332
0,2,1,-0.7962859910387481,0,0,13.0,2,0,2,1,1,-0.3336984726090332
1,3,0,-0.7962859910387481,1,0,7.8542,2,0,1,2,0,-0.806763380796033
1,2,1,-2.025883484179407,1,1,26.0,2,1,0,3,0,0.3444394801955362
1,1,0,1.1249600919935314,0,0,27.7208,0,1,3,1,1,0.4082334475616762
1,1,0,2.200857898491608,0,0,146.5208,0,1,1,1,1,2.097794920021772
0,3,1,-0.10463740114712752,0,0,7.75,1,0,2,1,1,-0.8189865811572414
0,3,1,0.9712604053509489,0,1,8.4042,2,0,2,2,0,-0.7445391097425902
1,3,0,-0.10463740114712752,0,0,7.75,1,0,1,1,1,-0.8189865811572414
0,2,0,-0.41203677443229225,0,0,13.0,2,0,1,1,1,-0.3336984726090332
0,3,1,-0.10463740114712752,0,0,9.5,2,0,2,1,1,-0.6307359423566569
0,3,1,-0.10463740114712752,8,2,69.55,2,0,2,11,0,1.3361591794576348
0,3,1,0.35646165878061953,0,0,6.4958,2,0,2,1,1,-0.9787286015064478
0,3,1,1.2402348569754682,0,0,7.225,0,0,2,1,1,-0.8828741679067217
1,3,1,-0.8731358343600393,0,0,8.05,2,0,2,1,1,-0.7841792430073967
0,3,0,-2.1027333275006983,0,1,10.4625,2,1,1,2,0,-0.5401781836878246
0,3,1,0.20276197213803718,1,0,15.85,2,0,2,2,0,-0.1423794216910609
1,3,1,-0.2583370877897099,0,0,18.7875,0,0,2,1,1,0.023546289947323752
1,3,0,-1.0268355210026217,0,0,7.75,1,0,1,1,1,-0.8189865811572414
1,1,1,0.8175607187083667,0,0,31.0,0,1,2,1,1,0.5198636196706229
0,3,1,-0.41203677443229225,0,0,7.05,2,0,2,1,1,-0.9050797531497122
1,2,0,0.4333115021019107,0,0,21.0,2,0,1,1,1,0.1329851701219792
0,3,1,-0.5657364610748746,0,0,7.25,2,0,2,1,1,-0.8797405693934278
0,2,1,0.04906228549545483,0,0,13.0,2,0,2,1,1,-0.3336984726090332
0,3,1,-0.10463740114712752,1,0,7.75,1,0,2,2,0,-0.8189865811572414
1,1,0,0.12591212881674602,1,0,113.275,0,1,1,2,0,1.834129231109428
1,3,0,-0.1814872444684187,0,0,7.925,2,0,1,1,1,-0.798539974052802
0,2,1,0.9712604053509489,1,0,27.0,2,0,2,2,0,0.3819897971587497
1,1,0,0.20276197213803718,0,0,76.2917,0,1,1,1,1,1.4303920040723752
0,2,1,0.04906228549545483,0,0,10.5,2,0,2,1,1,-0.5368057694182641
1,3,1,-1.0268355210026217,0,0,8.05,2,0,2,1,1,-0.7841792430073967
0,2,1,-0.1814872444684187,0,0,13.0,2,0,2,1,1,-0.3336984726090332
0,3,1,1.6629089952425695,0,0,8.05,2,0,2,1,1,-0.7841792430073967
0,3,1,-0.10463740114712752,0,0,7.8958,2,0,2,1,1,-0.8019236166026618
1,1,1,0.6638610320657843,1,0,90.0,2,1,2,2,0,1.5989745568795648
0,3,1,-0.5657364610748746,0,0,9.35,2,0,2,1,1,-0.6455926003653025
1,2,1,-0.7962859910387481,0,0,10.5,2,0,2,1,1,-0.5368057694182641
0,3,1,-0.6810112260568114,0,0,7.25,2,0,2,1,1,-0.8797405693934278
0,2,1,-0.8731358343600393,0,0,13.0,2,0,2,1,1,-0.3336984726090332
0,3,0,-0.10463740114712752,3,1,25.4667,2,0,1,5,0,0.32384119624754826
1,1,0,0.4333115021019107,1,0,83.475,2,1,3,2,0,1.5221510751129648
0,3,1,-0.027787557825836348,0,0,7.775,2,0,2,1,1,-0.8160407306065733
0,2,1,2.277707741812899,0,0,13.5,2,0,2,1,1,-0.29746598596845064
1,3,0,-1.8721837975368247,4,2,31.3875,2,0,1,7,0,0.5322916934007406
0,2,1,-0.41203677443229225,0,0,10.5,2,0,2,1,1,-0.5368057694182641
0,3,0,-0.10463740114712752,0,0,7.55,2,0,1,1,1,-0.8428609376877135
0,2,1,1.1249600919935314,1,0,26.0,2,0,2,2,0,0.3444394801955362
1,2,0,-1.6416342675729512,0,2,26.25,2,0,1,3,0,0.35395586016517094
0,2,1,-0.7962859910387481,0,0,10.5,2,0,2,1,1,-0.5368057694182641
0,2,1,0.27961181545932834,0,0,12.275,2,0,2,1,1,-0.3886024739916458
0,3,0,-0.10463740114712752,1,0,14.4542,0,0,1,2,0,-0.23166125968823223
1,3,0,-0.10463740114712752,1,0,15.5,1,0,1,2,0,-0.16405229962564447
0,2,1,-0.027787557825836348,0,0,10.5,2,0,2,1,1,-0.5368057694182641
0,3,1,-0.5657364610748746,0,0,7.125,2,0,2,1,1,-0.8955045384601199
0,3,1,0.04906228549545483,0,0,7.225,0,0,2,1,1,-0.8828741679067217
0,1,1,1.1249600919935314,2,0,90.0,1,1,4,3,0,1.5989745568795648
0,3,0,-0.33518693111100106,0,0,7.775,2,0,1,1,1,-0.8160407306065733
1,2,0,-0.41203677443229225,0,2,14.5,2,0,3,3,0,-0.2286058134653583
1,1,1,0.5870111887444931,1,1,52.5542,2,1,2,3,0,1.0515683442816504
0,2,1,1.893458525206443,1,0,26.0,2,0,4,2,0,0.3444394801955362
0,3,1,-0.10463740114712752,0,0,7.25,2,0,2,1,1,-0.8797405693934278
0,3,0,-0.027787557825836348,1,1,10.4625,2,1,3,3,0,-0.5401781836878246
0,1,1,2.5082572717767726,0,0,26.55,2,1,2,1,1,0.36526093570402607
0,3,1,0.04906228549545483,1,0,16.1,2,0,2,2,0,-0.12717266791993012
0,3,0,0.8944105620296577,0,2,20.2125,2,0,3,3,0,0.09534793704965058
1,3,0,-0.027787557825836348,0,2,15.2458,0,0,3,3,0,-0.1800831698720664
1,1,0,-0.10463740114712752,0,0,79.2,0,0,3,1,1,1.4685301291949246
1,1,0,0.04906228549545483,0,0,86.5,2,1,1,1,1,1.5584783893656837
1,1,0,0.4333115021019107,0,0,512.3292,0,0,1,1,1,3.3852937438182273
1,2,0,1.5860591519212783,0,1,26.0,2,0,3,2,0,0.3444394801955362
0,3,1,-0.10463740114712752,0,0,7.75,1,0,2,1,1,-0.8189865811572414
1,3,1,-2.025883484179407,4,2,31.3875,2,0,0,7,0,0.5322916934007406
0,1,1,1.7397588385638607,1,1,79.65,2,1,2,3,0,1.4743073772537167
0,1,1,0.8175607187083667,0,0,0.0,2,1,2,1,1,-3.0585777291682934
0,3,0,-0.10463740114712752,0,0,7.75,1,0,1,1,1,-0.8189865811572414
0,2,1,0.5101613454232019,0,0,10.5,2,0,2,1,1,-0.5368057694182641
0,3,1,-1.0268355210026217,4,1,39.6875,2,0,2,6,0,0.7678594338107121
1,3,1,-0.33518693111100106,1,0,7.775,2,0,2,2,0,-0.8160407306065733
1,1,0,2.200857898491608,0,1,153.4625,2,1,3,2,0,2.14527242190355
1,1,0,0.4333115021019107,0,0,135.6333,2,1,1,1,1,2.0186331792044068
0,1,1,-0.10463740114712752,0,0,31.0,2,0,2,1,1,0.5198636196706229
1,3,1,-0.33518693111100106,0,0,0.0,2,0,2,1,1,-3.0585777291682934
1,2,0,0.8944105620296577,0,1,19.5,2,0,3,2,0,0.06007112543995847
0,1,1,0.5870111887444931,0,1,29.7,0,1,2,2,0,0.4770416648490861
1,3,0,-0.10463740114712752,0,0,7.75,1,0,1,1,1,-0.8189865811572414
1,1,0,2.585107115098064,1,0,77.9583,2,1,1,2,0,1.452419049919151
0,3,0,1.2018099353148226,0,0,7.75,2,0,1,1,1,-0.8189865811572414
0,2,1,-0.10463740114712752,0,0,0.0,2,0,2,1,1,-3.0585777291682934
0,3,1,-1.7184841108942424,4,1,29.125,1,0,0,6,0,0.457519539438721
1,3,0,0.4333115021019107,1,1,20.25,2,0,3,3,0,0.0971716406458445
0,3,1,2.738806801740646,0,0,7.75,1,0,2,1,1,-0.8189865811572414
0,3,1,-0.10463740114712752,0,0,7.8542,2,0,2,1,1,-0.806763380796033
0,3,1,-1.0268355210026217,0,0,9.5,2,0,2,1,1,-0.6307359423566569
1,3,1,-0.7962859910387481,0,0,8.05,2,0,2,1,1,-0.7841792430073967
0,1,1,-0.10463740114712752,0,0,26.0,2,1,2,1,1,0.3444394801955362
0,3,1,0.27961181545932834,0,0,8.6625,0,0,2,1,1,-0.7165619336211217
1,3,1,0.04906228549545483,0,0,9.5,2,0,2,1,1,-0.6307359423566569
0,3,1,-0.5657364610748746,0,0,7.8958,2,0,2,1,1,-0.8019236166026618
1,2,1,0.9712604053509489,0,0,13.0,2,0,2,1,1,-0.3336984726090332
1,3,0,-0.5657364610748746,0,0,7.75,1,0,1,1,1,-0.8189865811572414
1,1,0,-0.2583370877897099,0,0,78.85,2,0,1,1,1,1.464014258564117
1,1,0,-0.7962859910387481,1,0,91.0792,0,1,3,2,0,1.6111475224786775
0,2,1,0.5101613454232019,0,0,12.875,0,1,2,1,1,-0.3429588030007618
0,3,0,-0.41203677443229225,0,0,8.85,2,0,1,1,1,-0.6967178907118832
0,3,1,-0.41203677443229225,0,0,7.8958,2,0,2,1,1,-0.8019236166026618
0,1,1,-0.10463740114712752,0,0,27.7208,0,0,2,1,1,0.4082334475616762
0,3,1,-0.45046169609293785,0,0,7.2292,0,0,2,1,1,-0.8823470582632056
0,1,0,-2.1027333275006983,1,2,151.55,2,1,1,4,0,2.132408321022389
1,1,1,-0.10463740114712752,0,0,30.5,2,1,2,1,1,0.5036031274312862
1,1,0,1.5860591519212783,0,1,247.5208,0,1,3,2,0,2.6363132839087284
1,3,0,-0.10463740114712752,0,0,7.75,1,0,1,1,1,-0.8189865811572414
1,3,1,-0.10463740114712752,2,0,23.25,1,0,2,3,0,0.23352593393921808
0,3,1,-0.7962859910387481,0,0,0.0,2,0,2,1,1,-3.0585777291682934
1,2,0,-0.10463740114712752,0,0,12.35,1,1,1,1,1,-0.38278544498532663
0,3,1,-0.10463740114712752,0,0,8.05,2,0,2,1,1,-0.7841792430073967
1,1,1,-2.1857311582876924,1,2,151.55,2,1,0,4,0,2.132408321022389
1,1,0,-0.10463740114712752,0,0,110.8833,0,0,1,1,1,1.812289926928167
1,1,0,-0.9499856776813305,1,0,108.9,0,1,3,2,0,1.7938227894866787
0,2,1,0.04906228549545483,1,0,24.0,0,0,2,2,0,0.26497567234198965
1,1,0,0.04906228549545483,0,0,56.9292,0,1,1,1,1,1.1326493972880125
1,1,0,-0.41203677443229225,0,0,83.1583,0,1,1,1,1,1.5182728441543658
1,1,0,-0.8731358343600393,2,2,262.375,0,1,1,5,0,2.6962534687059603
0,2,0,-0.2583370877897099,1,1,26.0,2,0,3,3,0,0.3444394801955362
0,3,1,-0.10463740114712752,0,0,7.8958,2,0,2,1,1,-0.8019236166026618
0,2,1,1.0481102486722402,1,1,26.25,2,0,2,3,0,0.35395586016517094
1,3,0,-0.2583370877897099,0,0,7.8542,2,0,1,1,1,-0.806763380796033
1,2,0,-0.41203677443229225,1,0,26.0,2,0,3,2,0,0.3444394801955362
0,2,1,1.893458525206443,0,0,14.0,2,0,4,1,1,-0.2624619586252086
1,1,0,0.12591212881674602,0,2,164.8667,2,1,1,3,0,2.218822021910339
1,1,0,0.8175607187083667,1,1,134.5,0,1,3,3,0,2.010033264475824
0,3,1,-0.5657364610748746,0,0,7.25,2,0,2,1,1,-0.8797405693934278
0,3,1,-0.1814872444684187,0,0,7.8958,2,0,2,1,1,-0.8019236166026618
1,2,0,0.04906228549545483,0,0,12.35,1,0,1,1,1,-0.38278544498532663
1,2,0,-0.5657364610748746,1,1,29.0,2,0,3,3,0,0.4532263111425748
0,3,1,-0.10463740114712752,8,2,69.55,2,0,2,11,0,1.3361591794576348
1,1,0,0.5101613454232019,0,0,135.6333,0,1,1,1,1,2.0186331792044068
0,3,1,2.4314074284554814,0,0,6.2375,2,0,2,1,1,-1.0149359989180027
1,2,0,0.5101613454232019,0,0,13.0,2,1,3,1,1,-0.3336984726090332
1,3,0,0.12591212881674602,1,1,20.525,2,0,3,3,0,0.11044794172866994
1,1,0,-1.0268355210026217,0,1,57.9792,0,1,1,2,0,1.1511968252901217
1,3,0,-0.10463740114712752,2,0,23.25,1,0,1,3,0,0.23352593393921808
0,1,1,1.2402348569754682,0,0,28.5,2,1,2,1,1,0.4358726267231761
0,1,1,0.6638610320657843,0,1,153.4625,2,1,2,2,0,2.14527242190355
0,3,1,-1.0268355210026217,2,0,18.0,2,0,2,3,0,-0.01838583697289204
1,1,0,-0.10463740114712752,1,0,133.65,2,0,3,2,0,2.003535801391161
0,3,1,-0.10463740114712752,0,0,7.8958,2,0,2,1,1,-0.8019236166026618
0,1,1,-0.027787557825836348,1,0,66.6,2,1,2,2,0,1.2920564383571118
1,1,0,0.8944105620296577,0,0,134.5,0,1,1,1,1,2.010033264475824
1,3,1,1.2018099353148226,0,0,8.05,2,0,2,1,1,-0.7841792430073967
0,1,1,1.2018099353148226,0,0,35.5,2,1,2,1,1,0.6557188297748954
1,2,1,-2.1027333275006983,1,1,26.0,2,1,0,3,0,0.3444394801955362
1,1,0,-0.41203677443229225,3,2,263.0,2,1,1,6,0,2.6987007794454887
0,2,1,-0.10463740114712752,0,0,13.0,2,0,2,1,1,-0.3336984726090332
0,2,1,-0.33518693111100106,0,0,13.0,2,0,2,1,1,-0.3336984726090332
0,2,1,0.5101613454232019,0,0,13.0,2,0,2,1,1,-0.3336984726090332
1,2,0,-0.41203677443229225,0,0,13.0,2,1,1,1,1,-0.3336984726090332
1,2,0,0.8175607187083667,0,0,13.0,2,0,1,1,1,-0.3336984726090332
1,3,0,-0.10463740114712752,1,0,16.1,2,0,3,2,0,-0.12717266791993012
1,3,1,-2.025883484179407,1,1,15.9,2,0,0,3,0,-0.13932010117845442
0,3,1,0.9712604053509489,0,0,8.6625,2,0,2,1,1,-0.7165619336211217
0,3,1,-0.48888661775358344,0,0,9.225,2,0,2,1,1,-0.658138561741074
0,1,1,-0.10463740114712752,0,0,35.0,2,1,2,1,1,0.6414769499431594
0,3,1,-1.1036853643239128,1,1,7.2292,0,0,2,3,0,-0.8823470582632056
0,3,1,-0.33518693111100106,1,0,17.8,2,0,2,2,0,-0.0293120756270656
0,3,1,-0.10463740114712752,0,0,7.225,0,0,2,1,1,-0.8828741679067217
0,3,1,-0.10463740114712752,0,0,9.5,2,0,2,1,1,-0.6307359423566569
1,1,0,-0.5657364610748746,0,1,55.0,2,1,1,2,0,1.0976780669265336
0,2,0,0.6638610320657843,0,0,13.0,2,0,1,1,1,-0.3336984726090332
1,3,0,-0.10463740114712752,0,0,7.8792,1,0,1,1,1,-0.8038521494426432
1,3,0,-0.10463740114712752,0,0,7.8792,1,0,1,1,1,-0.8038521494426432
0,3,1,0.8175607187083667,1,4,27.9,2,0,2,6,0,0.4146557174979072
0,2,1,-0.027787557825836348,1,0,27.7208,0,0,2,2,0,0.4082334475616762
0,3,0,1.2018099353148226,0,1,14.4542,0,0,3,2,0,-0.23166125968823223
0,3,1,0.4333115021019107,0,0,7.05,2,0,2,1,1,-0.9050797531497122
0,3,1,-0.10463740114712752,1,0,15.5,1,0,2,2,0,-0.16405229962564447
0,3,1,0.04906228549545483,0,0,7.25,2,0,2,1,1,-0.8797405693934278
1,1,0,2.3545575851341902,1,0,75.25,0,1,3,2,0,1.4163815756188534
1,3,0,-0.10463740114712752,0,0,7.2292,0,0,3,1,1,-0.8823470582632056
1,3,0,-0.10463740114712752,0,0,7.75,1,0,1,1,1,-0.8189865811572414
1,1,0,-0.41203677443229225,0,0,69.3,0,1,4,1,1,1.3324938581871215
1,1,1,-0.33518693111100106,1,0,55.4417,0,1,2,2,0,1.1057901177672143
0,3,1,-0.8731358343600393,1,0,6.4958,2,0,2,2,0,-0.9787286015064478
0,3,1,-0.7962859910387481,0,0,8.05,2,0,2,1,1,-0.7841792430073967
0,1,1,-0.5657364610748746,0,0,135.6333,0,0,2,1,1,2.0186331792044068
0,3,0,-2.025883484179407,3,1,21.075,2,0,1,5,0,0.13649913806595457
1,1,0,-0.10463740114712752,1,0,82.1708,0,0,3,2,0,1.5060857797883969
1,3,0,-0.5657364610748746,0,0,7.25,2,0,1,1,1,-0.8797405693934278
0,1,1,-0.1814872444684187,0,2,211.5,0,1,2,3,0,2.4746366111687697
0,3,1,-0.719436147717457,0,0,4.0125,0,0,2,1,1,-1.3942229498762084
0,3,1,-0.7962859910387481,0,0,7.775,2,0,2,1,1,-0.8160407306065733
1,1,0,0.9712604053509489,0,0,227.525,0,0,1,1,1,2.5497045522452972
1,3,0,-2.1795831708219895,0,2,15.7417,0,0,1,3,0,-0.14903715526900022
0,3,1,0.20276197213803718,0,0,7.925,2,0,2,1,1,-0.798539974052802
1,1,0,0.4333115021019107,1,0,52.0,2,0,3,2,0,1.0408277503255374
0,3,1,-0.10463740114712752,0,0,7.8958,2,0,2,1,1,-0.8019236166026618
0,2,1,-0.8731358343600393,0,0,73.5,2,0,2,1,1,1.3924082286355355
0,3,1,-2.1795831708219895,5,2,46.9,2,0,0,8,0,0.936361092700485
1,2,0,0.5101613454232019,0,0,13.0,2,0,1,1,1,-0.3336984726090332
0,3,1,-0.10463740114712752,0,0,7.7292,1,0,2,1,1,-0.8214439504217126
1,2,0,-0.9499856776813305,0,0,12.0,0,0,1,1,1,-0.4102164299119116
1,1,1,0.5101613454232019,1,2,120.0,2,1,2,4,0,1.8931715298766851
1,3,1,-0.6425863043961658,0,0,7.7958,2,0,2,1,1,-0.8135961720983267
0,3,1,-0.10463740114712752,2,0,7.925,2,0,2,3,0,-0.798539974052802
1,1,0,-0.48888661775358344,1,0,113.275,0,1,1,2,0,1.834129231109428
1,3,0,-0.41203677443229225,0,2,16.7,2,1,3,3,0,-0.09156500424402261
0,3,1,-0.5657364610748746,0,0,7.7958,2,0,2,1,1,-0.8135961720983267
0,3,0,0.12591212881674602,0,0,7.8542,2,0,1,1,1,-0.806763380796033
0,2,1,1.2786597786361138,0,0,26.0,2,0,2,1,1,0.3444394801955362
0,2,1,-0.48888661775358344,0,0,10.5,2,0,4,1,1,-0.5368057694182641
1,2,0,-0.10463740114712752,0,0,12.65,2,0,3,1,1,-0.35983961362319966
1,3,1,0.7407108753870755,0,0,7.925,2,0,2,1,1,-0.798539974052802
0,3,1,-0.2583370877897099,0,0,8.05,2,0,2,1,1,-0.7841792430073967
0,3,0,-0.6425863043961658,1,0,9.825,2,0,1,2,0,-0.5992616204389827
0,3,1,-0.10463740114712752,1,0,15.85,2,0,2,2,0,-0.1423794216910609
0,3,0,-0.719436147717457,0,0,8.6625,2,0,1,1,1,-0.7165619336211217
0,2,1,0.35646165878061953,1,0,21.0,2,0,2,2,0,0.1329851701219792
0,3,1,1.6629089952425695,0,0,7.75,2,0,2,1,1,-0.8189865811572414
1,2,1,-2.025883484179407,1,1,18.75,2,0,0,3,0,0.021587667954472933
0,3,1,-0.6425863043961658,0,0,7.775,2,0,2,1,1,-0.8160407306065733
0,3,0,-0.10463740114712752,3,1,25.4667,2,0,1,5,0,0.32384119624754826
0,3,1,-0.10463740114712752,0,0,7.8958,2,0,2,1,1,-0.8019236166026618
0,3,1,-0.10463740114712752,0,0,6.8583,1,0,2,1,1,-0.9299653348541039
1,1,0,0.27961181545932834,1,0,90.0,1,1,1,2,0,1.5989745568795648
0,2,1,-0.10463740114712752,0,0,0.0,2,0,2,1,1,-3.0585777291682934
1,3,1,1.1249600919935314,0,0,7.925,2,0,2,1,1,-0.798539974052802
0,3,0,-0.10463740114712752,0,0,8.05,2,0,3,1,1,-0.7841792430073967
1,2,0,0.35646165878061953,1,1,32.5,2,0,3,3,0,0.5671628780396996
1,2,0,-0.8731358343600393,0,2,13.0,2,0,1,3,0,-0.3336984726090332
0,2,1,0.04906228549545483,0,0,13.0,2,0,2,1,1,-0.3336984726090332
0,3,0,-1.4879345809303688,0,2,24.15,2,0,1,3,0,0.2711522804976662
0,3,1,-0.10463740114712752,0,0,7.8958,0,0,2,1,1,-0.8019236166026618
0,3,1,-0.6425863043961658,0,0,7.7333,1,0,2,1,1,-0.8209591021193487
0,3,1,-0.027787557825836348,0,0,7.875,2,0,2,1,1,-0.8043406630039285
0,3,0,-0.10463740114712752,1,1,14.4,2,0,3,3,0,-0.23528881360946907
0,3,1,-0.8731358343600393,1,1,20.2125,2,0,2,3,0,0.09534793704965058
0,3,1,-0.10463740114712752,0,0,7.25,2,0,2,1,1,-0.8797405693934278
1,2,0,-0.10463740114712752,1,0,26.0,2,0,3,2,0,0.3444394801955362
1,2,0,-0.7962859910387481,0,0,26.0,2,0,1,1,1,0.3444394801955362
0,3,1,-0.10463740114712752,0,0,7.75,1,0,2,1,1,-0.8189865811572414
1,3,1,0.20276197213803718,0,0,8.05,2,1,2,1,1,-0.7841792430073967
1,1,1,-0.10463740114712752,0,0,26.55,2,1,2,1,1,0.36526093570402607
1,3,0,-0.10463740114712752,1,0,16.1,2,0,3,2,0,-0.12717266791993012
1,2,0,0.9712604053509489,1,0,26.0,2,0,3,2,0,0.3444394801955362
0,3,1,-0.9499856776813305,0,0,7.125,2,0,2,1,1,-0.8955045384601199
0,1,1,1.5860591519212783,1,0,55.9,2,1,2,2,0,1.1141402035210881
1,1,0,-1.180535207645204,1,2,120.0,2,1,1,4,0,1.8931715298766851
0,3,0,-0.6425863043961658,2,2,34.375,2,0,1,5,0,0.6233938271906204
1,2,0,-0.41203677443229225,2,3,18.75,2,0,3,6,0,0.021587667954472933
0,1,1,2.661956958419355,1,4,263.0,2,1,2,6,0,2.6987007794454887
0,2,1,0.12591212881674602,0,0,10.5,2,0,2,1,1,-0.5368057694182641
1,2,0,1.2018099353148226,1,1,26.25,2,0,3,3,0,0.35395586016517094
0,3,1,-0.719436147717457,0,0,9.5,2,0,2,1,1,-0.6307359423566569
0,3,1,-0.33518693111100106,1,0,7.775,2,0,2,2,0,-0.8160407306065733
1,2,0,-0.10463740114712752,0,0,13.0,2,0,4,1,1,-0.3336984726090332
1,3,1,-0.10463740114712752,0,0,8.1125,2,0,2,1,1,-0.7770730902669089
1,1,1,-1.949033640858116,0,2,81.8583,2,1,0,3,0,1.5021989568725875
1,2,0,-1.2573850509664952,0,1,19.5,2,0,1,2,0,0.06007112543995847
1,1,1,0.35646165878061953,0,0,26.55,2,0,2,1,1,0.36526093570402607
1,3,0,-1.8721837975368247,2,1,19.2583,0,0,1,4,0,0.047825129435189045
1,1,1,1.7397588385638607,0,0,30.5,2,1,4,1,1,0.5036031274312862
0,2,1,0.5101613454232019,1,2,27.75,2,0,2,4,0,0.40928266156909443
0,3,1,-0.10463740114712752,1,0,19.9667,2,0,2,2,0,0.0833137463231359
0,1,1,0.04906228549545483,0,0,27.75,0,1,2,1,1,0.40928266156909443
1,1,1,1.5092093085999871,1,0,89.1042,0,1,2,2,0,1.588760118059578
0,3,1,-0.10463740114712752,0,0,8.05,2,0,2,1,1,-0.7841792430073967
1,3,1,-0.027787557825836348,0,0,7.8958,0,0,2,1,1,-0.8019236166026618
0,1,1,2.738806801740646,0,0,26.55,2,1,2,1,1,0.36526093570402607
1,1,0,-0.10463740114712752,1,0,51.8625,2,1,3,2,0,1.038145562232327
1,2,0,1.5860591519212783,0,0,10.5,2,0,1,1,1,-0.5368057694182641
0,3,1,-0.10463740114712752,0,0,7.75,1,0,2,1,1,-0.8189865811572414
1,1,1,1.432359465278696,0,0,26.55,2,1,2,1,1,0.36526093570402607
0,3,1,0.35646165878061953,0,0,8.05,2,0,2,1,1,-0.7841792430073967
0,1,1,1.3555096219574048,0,0,38.5,2,1,2,1,1,0.7372759377222563
0,2,1,1.432359465278696,0,0,13.0,2,0,2,1,1,-0.3336984726090332
0,3,1,-0.10463740114712752,0,0,8.05,2,0,2,1,1,-0.7841792430073967
0,3,1,0.6638610320657843,0,0,7.05,2,0,2,1,1,-0.9050797531497122
0,2,1,-0.10463740114712752,0,0,0.0,2,0,2,1,1,-3.0585777291682934
0,1,1,2.0471582118490255,0,0,26.55,2,0,2,1,1,0.36526093570402607
0,3,1,-0.10463740114712752,0,0,7.725,1,0,2,1,1,-0.8219408604763344
1,3,0,-2.1987956316523123,2,1,19.2583,0,0,1,4,0,0.047825129435189045
0,3,1,-0.10463740114712752,0,0,7.25,2,0,2,1,1,-0.8797405693934278
0,3,1,0.6638610320657843,0,0,8.6625,2,0,2,1,1,-0.7165619336211217
1,2,0,0.27961181545932834,1,2,27.75,2,0,3,4,0,0.40928266156909443
1,2,0,-0.48888661775358344,0,0,13.7917,0,1,3,1,1,-0.2769007052339032
0,3,0,-0.5657364610748746,0,0,9.8375,2,0,1,1,1,-0.5980700220174994
0,1,1,-0.10463740114712752,0,0,52.0,2,1,2,1,1,1.0408277503255374
0,2,1,0.35646165878061953,1,0,21.0,2,0,2,2,0,0.1329851701219792
0,3,1,-0.027787557825836348,1,0,7.0458,2,0,2,2,0,-0.9056185997745971
0,3,1,-0.5657364610748746,0,0,7.5208,2,0,2,1,1,-0.8463932397472813
1,3,0,-2.1027333275006983,0,1,12.2875,2,0,1,2,0,-0.38763069046803694
0,3,1,-1.56478442425166,5,2,46.9,2,0,0,8,0,0.936361092700485
0,2,1,-0.10463740114712752,0,0,0.0,2,0,2,1,1,-3.0585777291682934
0,3,1,1.5860591519212783,0,0,8.05,2,0,2,1,1,-0.7841792430073967
1,3,0,2.585107115098064,0,0,9.5875,2,0,3,1,1,-0.6221672631581132
1,1,1,-0.33518693111100106,1,0,91.0792,0,1,2,2,0,1.6111475224786775
0,3,0,-0.10463740114712752,3,1,25.4667,2,0,1,5,0,0.32384119624754826
1,1,0,0.4333115021019107,1,0,90.0,2,1,3,2,0,1.5989745568795648
0,1,1,2.200857898491608,0,0,29.7,0,1,2,1,1,0.4770416648490861
0,3,1,0.04906228549545483,0,0,8.05,2,0,2,1,1,-0.7841792430073967
1,3,1,-1.56478442425166,1,1,15.9,2,0,0,3,0,-0.13932010117845442
0,3,1,-0.10463740114712752,1,0,19.9667,2,0,2,2,0,0.0833137463231359
0,3,1,-0.6425863043961658,0,0,7.25,2,0,2,1,1,-0.8797405693934278
0,1,1,1.9703083685277343,0,0,30.5,2,1,2,1,1,0.5036031274312862
0,1,1,3.1999058616683933,0,0,49.5042,0,0,2,1,1,0.9910237262754293
0,3,1,-0.6425863043961658,0,0,8.05,2,0,2,1,1,-0.7841792430073967
0,3,1,-0.10463740114712752,0,0,14.4583,0,0,2,1,1,-0.23138736843472296
1,1,0,1.893458525206443,1,0,78.2667,0,1,1,2,0,1.4564440718289613
0,3,1,-0.10463740114712752,0,0,15.1,2,0,2,1,1,-0.1893914833819289
0,1,0,-0.33518693111100106,1,2,151.55,2,1,3,4,0,2.132408321022389
0,3,1,-0.41203677443229225,0,0,7.7958,2,0,2,1,1,-0.8135961720983267
0,3,1,-0.9499856776813305,0,0,8.6625,2,0,2,1,1,-0.7165619336211217
0,3,0,-0.6425863043961658,0,0,7.75,1,0,1,1,1,-0.8189865811572414
0,3,0,-0.10463740114712752,0,0,7.6292,1,0,1,1,1,-0.8333405692374476
0,3,0,0.5870111887444931,0,0,9.5875,2,0,1,1,1,-0.6221672631581132
1,1,0,-1.0268355210026217,0,0,86.5,2,1,1,1,1,1.5584783893656837
0,1,1,-0.8731358343600393,1,0,108.9,0,1,2,2,0,1.7938227894866787
1,2,0,0.27961181545932834,0,2,26.0,2,0,3,3,0,0.3444394801955362
1,1,1,-0.10463740114712752,0,0,26.55,2,0,2,1,1,0.36526093570402607
0,3,1,-0.10463740114712752,0,0,22.525,2,0,2,1,1,0.20218592718197398
1,3,1,-0.2583370877897099,0,0,56.4958,2,0,2,1,1,1.1248955097361595
1,3,1,-0.027787557825836348,0,0,7.75,1,0,2,1,1,-0.8189865811572414
0,3,1,-0.10463740114712752,0,0,8.05,2,0,2,1,1,-0.7841792430073967
1,1,1,0.5101613454232019,0,0,26.2875,2,1,2,1,1,0.3553757823476229
1,1,0,1.893458525206443,1,0,59.4,0,0,3,2,0,1.1757752036108362
0,3,1,-0.41203677443229225,0,0,7.4958,2,0,2,1,1,-0.8494271027413144
0,1,1,1.3555096219574048,0,0,34.0208,2,1,2,1,1,0.6130033879569109
1,2,0,0.35646165878061953,0,0,10.5,2,1,3,1,1,-0.5368057694182641
0,3,1,-0.10463740114712752,0,0,24.15,1,0,2,1,1,0.2711522804976662
1,2,0,0.5101613454232019,1,0,26.0,2,0,3,2,0,0.3444394801955362
0,3,1,0.20276197213803718,0,0,7.8958,2,0,2,1,1,-0.8019236166026618
1,1,0,0.04906228549545483,0,0,93.5,2,1,1,1,1,1.6379421972192298
0,3,1,-0.5657364610748746,0,0,7.8958,2,0,2,1,1,-0.8019236166026618
0,3,1,-0.10463740114712752,0,0,7.225,0,0,2,1,1,-0.8828741679067217
1,1,0,1.1249600919935314,0,1,57.9792,0,1,3,2,0,1.1511968252901217
0,3,1,-0.10463740114712752,0,0,7.2292,0,0,2,1,1,-0.8823470582632056
0,3,1,0.8559856403690123,0,0,7.75,1,0,2,1,1,-0.8189865811572414
1,2,0,1.5860591519212783,0,0,10.5,2,0,1,1,1,-0.5368057694182641
0,1,1,-0.10463740114712752,0,0,221.7792,2,1,2,1,1,2.523411982756633
0,3,1,0.7407108753870755,0,0,7.925,2,0,2,1,1,-0.798539974052802
0,2,1,-0.48888661775358344,2,1,11.5,2,0,2,4,0,-0.4507125974257932
1,2,0,-2.1027333275006983,1,1,26.0,2,0,1,3,0,0.3444394801955362
0,3,1,-0.10463740114712752,0,0,7.2292,0,0,2,1,1,-0.8823470582632056
0,3,1,-0.9499856776813305,1,1,7.2292,0,0,2,3,0,-0.8823470582632056
1,3,0,-0.10463740114712752,0,2,22.3583,0,0,3,3,0,0.19484336402527688
0,3,0,0.04906228549545483,0,0,8.6625,2,0,1,1,1,-0.7165619336211217
1,2,0,-1.7184841108942424,0,2,26.25,2,0,1,3,0,0.35395586016517094
0,1,1,1.2018099353148226,0,0,26.55,2,1,4,1,1,0.36526093570402607
1,1,0,0.04906228549545483,0,0,106.425,0,0,1,1,1,1.7703041212742283
0,3,1,-0.10463740114712752,0,0,14.5,2,0,2,1,1,-0.2286058134653583
1,1,0,-0.5657364610748746,0,2,49.5,0,1,1,3,0,0.9909378569025421
1,1,0,0.5101613454232019,0,2,71.0,2,1,1,3,0,1.3571652197109427
0,3,0,-1.56478442425166,4,2,31.275,2,0,1,7,0,0.5286989276421437
0,3,0,-1.4110847376090776,4,2,31.275,2,0,1,7,0,0.5286989276421437
1,2,1,0.20276197213803718,1,0,26.0,2,0,2,2,0,0.3444394801955362
0,1,1,1.5860591519212783,1,0,106.425,0,1,2,2,0,1.7703041212742283
0,1,1,2.661956958419355,0,0,26.0,2,0,2,1,1,0.3444394801955362
1,2,0,-0.7962859910387481,1,0,26.0,2,0,3,2,0,0.3444394801955362
1,2,1,-0.10463740114712752,0,0,13.8625,0,0,2,1,1,-0.27197037165090676
0,3,1,0.27961181545932834,1,1,20.525,2,0,2,3,0,0.11044794172866994
1,2,1,-1.6416342675729512,1,1,36.75,2,0,0,3,0,0.6904870950626278
1,1,1,-0.9499856776813305,0,2,110.8833,0,1,2,3,0,1.812289926928167
0,2,1,-0.1814872444684187,0,0,26.0,2,0,2,1,1,0.3444394801955362
0,3,1,-0.10463740114712752,0,0,7.8292,1,0,2,1,1,-0.809682843697731
1,3,1,-0.5657364610748746,0,0,7.225,0,0,2,1,1,-0.8828741679067217
1,3,0,-0.5657364610748746,0,0,7.775,2,0,1,1,1,-0.8160407306065733
0,1,1,2.5082572717767726,0,0,26.55,2,0,2,1,1,0.36526093570402607
1,1,0,1.432359465278696,1,0,39.6,0,1,4,2,0,0.7656365698356679
0,1,1,-0.10463740114712752,0,0,227.525,0,0,2,1,1,2.5497045522452972
1,1,0,0.7407108753870755,1,1,79.65,2,1,3,3,0,1.4743073772537167
1,3,0,0.5101613454232019,1,0,17.4,2,0,3,2,0,-0.05151766087005573
0,3,1,-0.10463740114712752,0,0,7.75,1,0,2,1,1,-0.8189865811572414
0,3,1,0.8175607187083667,0,0,7.8958,2,0,2,1,1,-0.8019236166026618
0,2,1,-0.10463740114712752,0,0,13.5,2,0,2,1,1,-0.29746598596845064
0,3,1,-0.10463740114712752,0,0,8.05,2,0,2,1,1,-0.7841792430073967
0,3,0,-0.10463740114712752,0,0,8.05,2,0,1,1,1,-0.7841792430073967
0,3,1,-0.41203677443229225,2,0,24.15,2,0,2,3,0,0.2711522804976662
0,3,1,-0.7962859910387481,0,0,7.8958,2,0,2,1,1,-0.8019236166026618
0,3,0,-0.027787557825836348,0,4,21.075,2,0,3,5,0,0.13649913806595457
0,3,1,-0.10463740114712752,0,0,7.2292,0,0,2,1,1,-0.8823470582632056
1,3,1,0.20276197213803718,0,0,7.8542,2,0,2,1,1,-0.806763380796033
1,2,1,2.5082572717767726,0,0,10.5,2,0,2,1,1,-0.5368057694182641
1,1,0,1.816608681885152,2,0,51.4792,2,1,3,3,0,1.0306316027835163
1,1,1,0.5101613454232019,0,0,26.3875,2,1,2,1,1,0.35915272270042775
1,3,0,-0.10463740114712752,0,0,7.75,1,0,1,1,1,-0.8189865811572414
0,3,1,-1.0268355210026217,0,0,8.05,2,0,2,1,1,-0.7841792430073967
0,3,1,-0.7962859910387481,0,0,14.5,2,0,2,1,1,-0.2286058134653583
1,2,0,0.35646165878061953,0,0,13.0,2,0,1,1,1,-0.3336984726090332
1,1,0,0.7407108753870755,1,0,55.9,2,1,3,2,0,1.1141402035210881
0,3,0,-0.10463740114712752,1,0,14.4583,0,0,3,2,0,-0.23138736843472296
1,3,1,0.20276197213803718,0,0,7.925,2,0,2,1,1,-0.798539974052802
1,2,0,-0.33518693111100106,1,1,30.0,2,0,1,3,0,0.4870824563024251
1,1,0,0.7407108753870755,1,1,110.8833,0,1,3,3,0,1.812289926928167
0,2,1,1.893458525206443,0,0,26.0,2,0,2,1,1,0.3444394801955362
0,1,1,0.5101613454232019,0,0,40.125,0,1,2,1,1,0.7789025328484201
0,3,1,-0.10463740114712752,0,0,8.7125,0,0,2,1,1,-0.71123278673221
1,1,0,-0.8731358343600393,0,2,79.65,2,1,1,3,0,1.4743073772537167
0,2,1,1.3555096219574048,0,0,15.0,2,0,2,1,1,-0.19582465009716046
1,1,1,2.3545575851341902,1,1,79.2,0,1,2,3,0,1.4685301291949246
0,3,1,-0.5657364610748746,0,0,8.05,2,0,2,1,1,-0.7841792430073967
0,3,1,-0.10463740114712752,0,0,8.05,2,0,2,1,1,-0.7841792430073967
0,3,1,0.4333115021019107,0,0,7.125,2,0,2,1,1,-0.8955045384601199
1,1,0,1.7397588385638607,1,0,78.2667,0,1,3,2,0,1.4564440718289613
0,3,1,1.3555096219574048,0,0,7.25,2,0,2,1,1,-0.8797405693934278
0,3,0,-0.10463740114712752,0,2,7.75,1,0,1,3,0,-0.8189865811572414
0,2,1,0.5870111887444931,1,0,26.0,2,0,2,2,0,0.3444394801955362
0,3,1,0.5101613454232019,1,1,24.15,2,0,2,3,0,0.2711522804976662
1,2,0,-0.10463740114712752,0,0,33.0,2,0,1,1,1,0.5824597491940529
0,3,1,1.5092093085999871,0,0,0.0,2,0,2,1,1,-3.0585777291682934
0,3,1,-0.10463740114712752,0,0,7.225,0,0,2,1,1,-0.8828741679067217
1,1,1,1.5092093085999871,1,0,56.9292,0,1,4,2,0,1.1326493972880125
1,2,0,-0.41203677443229225,2,1,27.0,2,0,3,4,0,0.3819897971587497
0,3,1,-0.10463740114712752,0,0,7.8958,2,0,2,1,1,-0.8019236166026618
0,1,1,-0.10463740114712752,0,0,42.4,2,0,2,1,1,0.8344967423387601
0,3,1,1.1249600919935314,0,0,8.05,2,0,2,1,1,-0.7841792430073967
1,1,1,0.4333115021019107,0,0,26.55,0,0,2,1,1,0.36526093570402607
0,3,1,0.5101613454232019,1,0,15.55,2,0,2,2,0,-0.16092818251417132
0,3,1,0.04906228549545483,0,0,7.8958,2,0,2,1,1,-0.8019236166026618
1,1,1,-0.1814872444684187,0,0,30.5,2,0,2,1,1,0.5036031274312862
1,2,0,-0.5657364610748746,1,2,41.5792,0,0,3,4,0,0.8147822510349934
1,1,0,0.8175607187083667,0,0,153.4625,2,1,1,1,1,2.14527242190355
0,3,0,0.7407108753870755,1,5,31.275,2,0,3,7,0,0.5286989276421437
0,3,1,-0.10463740114712752,0,0,7.05,2,0,2,1,1,-0.9050797531497122
1,3,0,-0.10463740114712752,1,0,15.5,1,0,1,2,0,-0.16405229962564447
0,3,1,-0.10463740114712752,0,0,7.75,1,0,2,1,1,-0.8189865811572414
0,3,1,0.4333115021019107,0,0,8.05,2,0,2,1,1,-0.7841792430073967
1,2,0,-0.41203677443229225,1,2,65.0,2,0,1,4,0,1.2673242399099218
0,3,1,0.35646165878061953,1,1,14.4,2,0,2,3,0,-0.23528881360946907
0,3,0,-0.2583370877897099,1,0,16.1,2,0,3,2,0,-0.12717266791993012
1,2,0,-1.949033640858116,2,1,39.0,2,1,1,4,0,0.750263780890198
0,2,1,-0.2583370877897099,0,0,10.5,2,0,2,1,1,-0.5368057694182641
0,3,1,-0.1814872444684187,1,0,14.4542,0,0,2,2,0,-0.23166125968823223
1,1,1,0.9712604053509489,1,0,52.5542,2,1,2,2,0,1.0515683442816504
1,3,1,-0.719436147717457,1,1,15.7417,0,0,2,3,0,-0.14903715526900022
0,3,1,-0.6425863043961658,0,0,7.8542,2,0,2,1,1,-0.806763380796033
0,3,1,-0.6425863043961658,0,0,16.1,2,0,2,1,1,-0.12717266791993012
0,1,1,2.4314074284554814,0,0,32.3208,2,1,2,1,1,0.5616248415955212
0,2,1,2.1240080551703167,0,0,12.35,1,0,4,1,1,-0.38278544498532663
1,1,0,-0.6425863043961658,0,0,77.9583,2,1,1,1,1,1.452419049919151
0,3,1,-0.2583370877897099,0,0,7.8958,2,0,2,1,1,-0.8019236166026618
0,3,1,-0.10463740114712752,0,0,7.7333,1,0,2,1,1,-0.8209591021193487
1,1,1,3.8915544515600136,0,0,30.0,2,1,2,1,1,0.4870824563024251
0,3,1,1.6629089952425695,0,0,7.0542,2,0,2,1,1,-0.9045411875888885
1,1,1,0.20276197213803718,0,0,30.5,0,1,4,1,1,0.5036031274312862
0,1,1,-0.10463740114712752,0,0,0.0,2,0,2,1,1,-3.0585777291682934
0,3,0,-1.56478442425166,3,2,27.9,2,0,1,6,0,0.4146557174979072
1,2,0,-0.10463740114712752,0,0,13.0,2,0,1,1,1,-0.3336984726090332
0,3,1,0.20276197213803718,0,0,7.925,2,0,2,1,1,-0.798539974052802
0,2,1,0.12591212881674602,1,1,26.25,2,0,2,3,0,0.35395586016517094
0,3,0,0.8944105620296577,0,5,39.6875,2,0,3,6,0,0.7678594338107121
0,3,1,-0.10463740114712752,1,0,16.1,2,0,2,2,0,-0.12717266791993012
0,3,1,-0.719436147717457,0,0,7.8542,2,0,2,1,1,-0.806763380796033
1,1,0,-0.41203677443229225,0,0,69.3,0,1,4,1,1,1.3324938581871215
0,3,0,-2.1027333275006983,3,2,27.9,2,0,1,6,0,0.4146557174979072
1,3,1,-0.10463740114712752,0,0,56.4958,2,0,2,1,1,1.1248955097361595
1,3,0,-2.1987956316523123,2,1,19.2583,0,0,1,4,0,0.047825129435189045
1,1,1,1.432359465278696,1,0,76.7292,0,1,2,2,0,1.4362199751817062
0,3,1,-0.7962859910387481,0,0,7.8958,2,0,2,1,1,-0.8019236166026618
1,1,1,2.0471582118490255,0,0,35.5,0,1,4,1,1,0.6557188297748954
0,3,1,-0.10463740114712752,0,0,7.55,2,0,2,1,1,-0.8428609376877135
1,3,0,-0.48888661775358344,0,0,7.55,2,0,1,1,1,-0.8428609376877135
0,3,1,-0.10463740114712752,0,0,7.8958,2,0,2,1,1,-0.8019236166026618
1,2,0,-0.8731358343600393,0,1,23.0,2,0,1,2,0,0.2228261499229997
0,3,1,-0.6425863043961658,0,0,8.4333,2,0,2,1,1,-0.741349052303618
1,3,0,-0.10463740114712752,0,0,7.8292,1,0,1,1,1,-0.809682843697731
0,3,0,-0.8731358343600393,0,0,6.75,1,0,1,1,1,-0.9442940832331417
0,2,1,-0.41203677443229225,2,0,73.5,2,0,2,3,0,1.3924082286355355
0,3,1,-0.10463740114712752,0,0,7.8958,2,0,2,1,1,-0.8019236166026618
0,3,0,0.20276197213803718,1,1,15.5,1,0,3,3,0,-0.16405229962564447
0,2,1,-0.48888661775358344,0,0,13.0,2,0,2,1,1,-0.3336984726090332
0,1,1,2.200857898491608,0,2,113.275,0,1,2,3,0,1.834129231109428
1,1,1,1.5860591519212783,2,0,133.65,2,0,4,3,0,2.003535801391161
0,3,1,0.8175607187083667,0,0,7.225,0,0,2,1,1,-0.8828741679067217
0,1,1,1.3555096219574048,0,0,25.5875,2,1,2,1,1,0.32854312829417104
0,3,1,0.5101613454232019,0,0,7.4958,2,0,2,1,1,-0.8494271027413144
1,3,1,-0.719436147717457,1,0,7.925,2,0,2,2,0,-0.798539974052802
0,2,1,0.20276197213803718,2,0,73.5,2,0,2,3,0,1.3924082286355355
0,2,1,-0.33518693111100106,0,0,13.0,2,0,2,1,1,-0.3336984726090332
0,3,1,-0.10463740114712752,0,0,7.775,2,0,2,1,1,-0.8160407306065733
0,3,1,1.0481102486722402,0,0,8.05,2,0,2,1,1,-0.7841792430073967
1,1,0,-0.10463740114712752,1,0,52.0,2,1,3,2,0,1.0408277503255374
1,2,0,0.8175607187083667,1,1,39.0,2,0,3,3,0,0.750263780890198
0,1,1,0.12591212881674602,1,0,52.0,2,1,2,2,0,1.0408277503255374
0,2,1,3.123056018347102,0,0,10.5,2,0,2,1,1,-0.5368057694182641
1,2,1,0.12591212881674602,0,0,13.0,2,0,2,1,1,-0.3336984726090332
0,2,1,-0.10463740114712752,0,0,0.0,2,0,2,1,1,-3.0585777291682934
0,3,1,-0.8731358343600393,0,0,7.775,2,0,2,1,1,-0.8160407306065733
0,3,1,-0.37361185277164666,0,0,8.05,2,0,2,1,1,-0.7841792430073967
1,3,0,-0.8731358343600393,0,0,9.8417,2,0,1,1,1,-0.597669953407196
0,3,0,1.0481102486722402,1,6,46.9,2,0,3,8,0,0.936361092700485
1,1,1,0.5101613454232019,0,1,512.3292,0,1,2,2,0,3.3852937438182273
0,3,0,-0.10463740114712752,0,0,8.1375,1,0,1,1,1,-0.774244266805356
1,1,1,-0.1814872444684187,0,0,76.7292,0,1,2,1,1,1.4362199751817062
0,3,1,-0.719436147717457,0,0,9.225,2,0,2,1,1,-0.658138561741074
0,3,1,-1.180535207645204,5,2,46.9,2,0,2,8,0,0.936361092700485
0,2,1,2.3545575851341902,1,1,39.0,2,0,2,3,0,0.750263780890198
0,2,1,-0.33518693111100106,1,2,41.5792,0,0,2,4,0,0.8147822510349934
0,3,1,-1.180535207645204,4,1,39.6875,2,0,2,6,0,0.7678594338107121
0,3,1,-0.7962859910387481,0,0,10.1708,2,0,2,1,1,-0.5667940759868451
0,3,1,-0.8731358343600393,0,0,7.7958,2,0,2,1,1,-0.8135961720983267
1,1,0,-1.1036853643239128,0,1,211.3375,2,1,1,2,0,2.4738467350641637
1,1,1,0.12591212881674602,1,0,57.0,2,1,2,2,0,1.1339105535671157
1,3,0,-1.949033640858116,0,1,13.4167,0,0,1,2,0,-0.3034147385612252
1,3,1,-0.10463740114712752,0,0,56.4958,2,0,2,1,1,1.1248955097361595
0,3,1,-0.33518693111100106,0,0,7.225,0,0,2,1,1,-0.8828741679067217
0,1,1,2.3545575851341902,0,0,26.55,2,0,4,1,1,0.36526093570402607
0,2,1,1.7397588385638607,0,0,13.5,2,0,2,1,1,-0.29746598596845064
0,3,1,1.1249600919935314,0,0,8.05,2,0,2,1,1,-0.7841792430073967
1,3,0,-0.10463740114712752,0,0,7.7333,1,0,1,1,1,-0.8209591021193487
0,1,1,1.5092093085999871,1,1,110.8833,0,1,2,3,0,1.812289926928167
0,3,1,0.9712604053509489,0,0,7.65,2,1,2,1,1,-0.830854756854953
1,1,0,-0.8731358343600393,1,0,227.525,0,1,3,2,0,2.5497045522452972
1,1,1,0.4333115021019107,0,0,26.2875,2,1,2,1,1,0.3553757823476229
0,3,0,-0.8731358343600393,0,1,14.4542,0,0,1,2,0,-0.23166125968823223
0,3,1,-0.33518693111100106,0,0,7.7417,1,0,2,1,1,-0.8199664648688783
0,3,1,-0.2583370877897099,1,0,7.8542,2,0,2,2,0,-0.806763380796033
0,2,1,0.7407108753870755,0,0,26.0,2,0,2,1,1,0.3444394801955362
1,2,0,1.2018099353148226,0,0,13.5,2,0,3,1,1,-0.29746598596845064
1,1,1,0.9712604053509489,0,0,26.2875,2,1,2,1,1,0.3553757823476229
1,1,0,-0.5657364610748746,0,0,151.55,2,0,1,1,1,2.132408321022389
1,3,1,-0.10463740114712752,1,1,15.2458,0,0,0,3,0,-0.1800831698720664
1,1,0,-0.41203677443229225,0,0,49.5042,0,1,4,1,1,0.9910237262754293
0,1,1,-0.10463740114712752,0,0,26.55,2,1,2,1,1,0.36526093570402607
1,1,1,1.432359465278696,1,0,52.0,2,1,2,2,0,1.0408277503255374
0,3,1,-0.027787557825836348,0,0,9.4833,2,0,2,1,1,-0.6323794480268654
0,2,1,1.7397588385638607,0,0,13.0,2,0,2,1,1,-0.3336984726090332
0,3,1,-0.7962859910387481,0,0,7.65,2,1,2,1,1,-0.830854756854953
1,1,0,0.6638610320657843,0,0,227.525,0,1,1,1,1,2.5497045522452972
1,2,0,-0.1814872444684187,0,0,10.5,2,1,1,1,1,-0.5368057694182641
0,3,1,-0.10463740114712752,0,0,15.5,1,0,2,1,1,-0.16405229962564447
0,3,1,0.27961181545932834,0,0,7.775,2,0,2,1,1,-0.8160407306065733
1,2,0,-1.7953339542155335,0,1,33.0,2,0,1,2,0,0.5824597491940529
0,3,1,-0.9499856776813305,1,0,7.0542,2,0,2,2,0,-0.9045411875888885
0,2,1,0.35646165878061953,0,0,13.0,2,0,2,1,1,-0.3336984726090332
0,2,1,1.5860591519212783,0,0,13.0,2,0,2,1,1,-0.3336984726090332
1,1,1,-0.1814872444684187,1,0,53.1,2,1,2,2,0,1.0620380556287106
0,3,1,-0.719436147717457,0,0,8.6625,2,0,2,1,1,-0.7165619336211217
1,2,0,0.04906228549545483,3,0,21.0,2,0,3,4,0,0.1329851701219792
1,3,0,-0.10463740114712752,0,0,7.7375,1,0,1,1,1,-0.8204626642072291
0,2,1,-0.33518693111100106,1,0,26.0,2,0,2,2,0,0.3444394801955362
0,3,0,-0.33518693111100106,1,0,7.925,2,0,1,2,0,-0.798539974052802
1,1,0,-0.027787557825836348,0,0,211.3375,2,1,1,1,1,2.4738467350641637
0,3,1,-1.4110847376090776,0,0,18.7875,0,0,2,1,1,0.023546289947323752
0,2,1,-0.10463740114712752,0,0,0.0,2,0,2,1,1,-3.0585777291682934
0,2,1,-0.48888661775358344,0,0,13.0,2,0,2,1,1,-0.3336984726090332
0,2,1,-0.48888661775358344,0,0,13.0,2,0,2,1,1,-0.3336984726090332
0,3,1,-0.06621247948648194,0,0,16.1,2,0,2,1,1,-0.12717266791993012
0,3,0,1.432359465278696,1,3,34.375,2,0,3,5,0,0.6233938271906204
1,1,1,0.4333115021019107,0,0,512.3292,0,1,2,1,1,3.3852937438182273
0,3,1,-0.10463740114712752,0,0,7.8958,2,0,2,1,1,-0.8019236166026618
0,3,1,-0.10463740114712752,0,0,7.8958,2,0,2,1,1,-0.8019236166026618
1,1,1,-0.10463740114712752,0,0,30.0,2,1,2,1,1,0.4870824563024251
0,1,1,0.5101613454232019,1,0,78.85,2,1,2,2,0,1.464014258564117
1,1,0,-0.6425863043961658,2,2,262.375,0,1,1,5,0,2.6962534687059603
0,3,1,-0.41203677443229225,1,0,16.1,2,0,2,2,0,-0.12717266791993012
1,3,1,0.12591212881674602,0,0,7.925,2,0,2,1,1,-0.798539974052802
0,1,1,3.123056018347102,1,1,71.0,2,1,4,3,0,1.3571652197109427
0,3,1,-1.0268355210026217,1,1,20.25,2,0,2,3,0,0.0971716406458445
1,2,0,0.04906228549545483,0,0,13.0,2,0,1,1,1,-0.3336984726090332
0,1,1,-0.7962859910387481,1,0,53.1,2,1,2,2,0,1.0620380556287106
0,3,1,0.12591212881674602,0,0,7.75,1,0,2,1,1,-0.8189865811572414
1,2,0,-1.949033640858116,1,1,23.0,2,0,1,3,0,0.2228261499229997
1,3,1,-1.7953339542155335,0,1,12.475,2,1,0,2,0,-0.37316263612134226
0,3,1,0.27961181545932834,0,0,9.5,2,0,2,1,1,-0.6307359423566569
0,3,1,-0.48888661775358344,0,0,7.8958,2,0,2,1,1,-0.8019236166026618
1,2,0,1.432359465278696,1,2,65.0,2,0,3,4,0,1.2673242399099218
1,2,1,-2.204943619118015,1,1,14.5,2,0,0,3,0,-0.2286058134653583
0,3,1,-0.10463740114712752,0,0,7.7958,2,0,2,1,1,-0.8135961720983267
0,2,1,-0.8731358343600393,0,0,11.5,2,0,2,1,1,-0.4507125974257932
0,3,1,0.35646165878061953,0,0,8.05,2,0,2,1,1,-0.7841792430073967
1,1,0,0.27961181545932834,0,0,86.5,2,1,4,1,1,1.5584783893656837
0,3,1,-0.10463740114712752,0,0,14.5,2,0,2,1,1,-0.2286058134653583
0,3,1,0.8944105620296577,0,0,7.125,2,0,2,1,1,-0.8955045384601199
1,3,1,-0.719436147717457,0,0,7.2292,0,0,2,1,1,-0.8823470582632056
1,1,0,0.5101613454232019,1,2,120.0,2,1,3,4,0,1.8931715298766851
0,3,1,-1.0268355210026217,0,0,7.775,2,0,2,1,1,-0.8160407306065733
1,1,0,1.6629089952425695,1,0,77.9583,2,1,3,2,0,1.452419049919151
0,1,1,-0.10463740114712752,0,0,39.6,0,0,4,1,1,0.7656365698356679
0,3,0,0.08748720715610042,0,0,7.75,1,0,1,1,1,-0.8189865811572414
0,3,1,-0.10463740114712752,1,0,24.15,1,0,2,2,0,0.2711522804976662
0,3,1,0.20276197213803718,0,0,8.3625,2,0,2,1,1,-0.7491276790090223
0,3,1,-0.41203677443229225,0,0,9.5,2,0,2,1,1,-0.6307359423566569
0,3,1,1.432359465278696,0,0,7.8542,2,0,2,1,1,-0.806763380796033
0,2,0,2.1240080551703167,0,0,10.5,2,1,3,1,1,-0.5368057694182641
0,3,1,-0.10463740114712752,0,0,7.225,0,0,2,1,1,-0.8828741679067217
1,2,0,1.893458525206443,1,3,23.0,2,0,3,5,0,0.2228261499229997
0,3,1,-0.8731358343600393,0,0,7.75,2,0,2,1,1,-0.8189865811572414
0,3,1,-0.10463740114712752,0,0,7.75,1,1,2,1,1,-0.8189865811572414
1,3,0,-1.8721837975368247,0,0,12.475,2,0,1,1,1,-0.37316263612134226
0,3,1,-0.10463740114712752,0,0,7.7375,1,0,2,1,1,-0.8204626642072291
1,1,0,1.0481102486722402,0,1,211.3375,2,1,3,2,0,2.4738467350641637
1,3,0,-1.2573850509664952,0,0,7.2292,0,0,1,1,1,-0.8823470582632056
1,1,0,-0.9499856776813305,1,0,57.0,2,1,3,2,0,1.1339105535671157
0,1,1,-0.027787557825836348,0,0,30.0,2,1,2,1,1,0.4870824563024251
0,3,1,-0.10463740114712752,1,2,23.45,2,0,2,4,0,0.24200663802437702
0,3,1,-0.33518693111100106,0,0,7.05,2,0,2,1,1,-0.9050797531497122
0,3,1,-0.33518693111100106,0,0,7.25,2,0,2,1,1,-0.8797405693934278
1,3,0,-0.8731358343600393,0,0,7.4958,2,0,1,1,1,-0.8494271027413144
0,3,1,-1.6416342675729512,4,1,29.125,1,0,0,6,0,0.457519539438721
1,3,1,-2.1795831708219895,1,2,20.575,2,0,0,4,0,0.11284358066326507
0,1,1,1.2786597786361138,0,0,79.2,0,1,2,1,1,1.4685301291949246
0,3,1,-0.10463740114712752,0,0,7.75,1,0,2,1,1,-0.8189865811572414
0,2,1,-1.0268355210026217,0,0,26.0,2,0,2,1,1,0.3444394801955362
0,3,0,-0.10463740114712752,8,2,69.55,2,0,1,11,0,1.3361591794576348
0,1,1,-0.10463740114712752,0,0,30.6958,0,0,2,1,1,0.5100012756239033
0,3,1,-0.33518693111100106,0,0,7.8958,2,0,2,1,1,-0.8019236166026618
0,2,1,0.7407108753870755,0,0,13.0,2,0,2,1,1,-0.3336984726090332
1,1,0,1.5092093085999871,0,0,25.9292,2,1,4,1,1,0.3417284274758476
1,3,0,0.12591212881674602,0,0,8.6833,2,0,3,1,1,-0.7143416664249429
0,3,1,0.04906228549545483,0,0,7.2292,0,0,2,1,1,-0.8823470582632056
0,3,0,0.04906228549545483,1,1,24.15,2,0,3,3,0,0.2711522804976662
0,2,1,0.35646165878061953,0,0,13.0,2,0,2,1,1,-0.3336984726090332
1,2,0,0.12591212881674602,1,1,26.25,2,0,3,3,0,0.35395586016517094
1,1,1,-1.4110847376090776,1,2,120.0,2,1,0,4,0,1.8931715298766851
1,3,1,-2.224156079948338,0,1,8.5167,0,0,0,2,0,-0.7322606388880221
1,3,1,-0.1814872444684187,0,0,6.975,2,0,2,1,1,-0.9147445967366699
0,3,1,0.12591212881674602,0,0,7.775,2,0,2,1,1,-0.8160407306065733
0,1,1,0.7407108753870755,0,0,0.0,2,1,2,1,1,-3.0585777291682934
0,3,0,-0.8731358343600393,0,0,7.775,2,0,1,1,1,-0.8160407306065733
0,2,1,0.7407108753870755,0,0,13.0,2,0,2,1,1,-0.3336984726090332
1,1,0,0.27961181545932834,1,0,53.1,2,1,3,2,0,1.0620380556287106
0,3,1,-0.2583370877897099,0,0,7.8875,2,0,2,1,1,-0.8028874327603485
0,3,1,0.7407108753870755,0,0,24.15,2,0,2,1,1,0.2711522804976662
0,2,1,0.4333115021019107,0,0,10.5,2,0,2,1,1,-0.5368057694182641
0,3,0,-1.7953339542155335,4,2,31.275,2,0,1,7,0,0.5286989276421437
0,3,1,0.08748720715610042,0,0,8.05,2,0,2,1,1,-0.7841792430073967
0,1,1,-0.10463740114712752,0,0,0.0,2,1,2,1,1,-3.0585777291682934
0,3,0,-0.48888661775358344,0,0,7.925,2,0,1,1,1,-0.798539974052802
0,2,1,0.12591212881674602,1,1,37.0042,0,0,2,3,0,0.6974165471111633
0,3,1,1.0481102486722402,0,0,6.45,2,0,2,1,1,-0.9850567418873891
0,3,1,-1.4879345809303688,3,2,27.9,2,0,0,6,0,0.4146557174979072
1,1,0,1.7397588385638607,1,1,93.5,2,1,3,3,0,1.6379421972192298
1,3,1,-0.1814872444684187,0,0,8.6625,2,0,2,1,1,-0.7165619336211217
0,1,1,0.6638610320657843,0,0,0.0,2,0,4,1,1,-3.0585777291682934
1,3,0,-0.1814872444684187,0,1,12.475,2,1,3,2,0,-0.37316263612134226
0,3,1,-2.1027333275006983,4,1,39.6875,2,0,0,6,0,0.7678594338107121
0,3,1,-0.10463740114712752,0,0,6.95,1,0,2,1,1,-0.9179864201772276
0,3,1,-0.10463740114712752,0,0,56.4958,2,0,2,1,1,1.1248955097361595
1,2,1,-2.1795831708219895,0,2,37.0042,0,0,0,3,0,0.6974165471111633
1,3,1,-0.10463740114712752,0,0,7.75,1,0,2,1,1,-0.8189865811572414
1,1,0,2.5082572717767726,0,0,80.0,2,1,3,1,1,1.4787785499834798
1,3,0,-1.1036853643239128,1,0,14.4542,0,0,3,2,0,-0.23166125968823223
1,2,1,-2.192647644186609,1,1,18.75,2,0,0,3,0,0.021587667954472933
0,3,1,-0.10463740114712752,0,0,7.2292,0,0,2,1,1,-0.8823470582632056
0,3,1,-0.48888661775358344,0,0,7.8542,2,0,2,1,1,-0.806763380796033
0,3,1,-0.8731358343600393,0,0,8.3,2,0,2,1,1,-0.7560434444325566
1,1,0,0.7407108753870755,1,1,83.1583,0,1,1,3,0,1.5182728441543658
0,3,1,-0.6425863043961658,0,0,8.6625,2,0,2,1,1,-0.7165619336211217
0,3,1,-0.10463740114712752,0,0,8.05,2,0,2,1,1,-0.7841792430073967
1,3,1,0.20276197213803718,0,0,56.4958,2,0,2,1,1,1.1248955097361595
1,1,1,-0.10463740114712752,0,0,29.7,0,1,2,1,1,0.4770416648490861
0,3,1,-0.719436147717457,0,0,7.925,2,0,2,1,1,-0.798539974052802
0,2,1,-1.0268355210026217,0,0,10.5,2,0,2,1,1,-0.5368057694182641
1,1,0,0.04906228549545483,0,0,31.0,0,0,1,1,1,0.5198636196706229
0,3,1,0.3948865804412651,0,0,6.4375,0,0,2,1,1,-0.9867906128533871
0,3,1,-0.9499856776813305,0,0,8.6625,2,0,2,1,1,-0.7165619336211217
0,3,1,0.9712604053509489,0,0,7.55,2,0,2,1,1,-0.8428609376877135
0,3,1,-0.10463740114712752,8,2,69.55,2,0,2,11,0,1.3361591794576348
0,3,1,0.4333115021019107,0,0,7.8958,0,0,2,1,1,-0.8019236166026618
0,2,1,-0.10463740114712752,0,1,33.0,2,0,4,2,0,0.5824597491940529
1,1,0,-0.10463740114712752,1,0,89.1042,0,1,3,2,0,1.588760118059578
0,3,1,-1.949033640858116,4,2,31.275,2,0,0,7,0,0.5286989276421437
0,3,1,3.430455391632267,0,0,7.775,2,0,2,1,1,-0.8160407306065733
0,3,0,-1.56478442425166,1,1,15.2458,0,0,1,3,0,-0.1800831698720664
1,1,0,-1.0268355210026217,0,1,39.4,2,1,1,2,0,0.7605376956829671
0,2,0,1.1249600919935314,1,0,26.0,2,0,3,2,0,0.3444394801955362
1,3,0,-0.8731358343600393,0,1,9.35,2,0,3,2,0,-0.6455926003653025
1,1,0,1.2018099353148226,1,1,164.8667,2,0,3,3,0,2.218822021910339
1,1,1,1.6629089952425695,0,0,26.55,2,1,2,1,1,0.36526093570402607
1,3,0,-0.41203677443229225,0,3,19.2583,0,0,3,4,0,0.047825129435189045
0,3,1,-0.10463740114712752,0,0,7.2292,0,0,2,1,1,-0.8823470582632056
0,3,1,0.8944105620296577,2,0,14.1083,2,0,2,3,0,-0.2550339477875714
0,2,1,-0.6425863043961658,1,0,11.5,2,0,2,2,0,-0.4507125974257932
1,1,0,1.432359465278696,0,0,25.9292,2,1,3,1,1,0.3417284274758476
0,3,0,-0.10463740114712752,8,2,69.55,2,0,1,11,0,1.3361591794576348
0,2,1,-0.41203677443229225,0,0,13.0,2,0,2,1,1,-0.3336984726090332
1,2,0,0.9712604053509489,0,0,13.0,2,0,3,1,1,-0.3336984726090332
1,2,0,-0.1814872444684187,1,0,13.8583,0,0,1,2,0,-0.272262193114855
0,1,1,0.12591212881674602,0,0,50.4958,2,1,2,1,1,1.0110997852233976
0,3,1,-0.10463740114712752,0,0,9.5,2,0,2,1,1,-0.6307359423566569
1,3,1,-1.949033640858116,1,1,11.1333,2,0,0,3,0,-0.48145578049281285
0,3,1,-0.2583370877897099,0,0,7.8958,2,0,2,1,1,-0.8019236166026618
1,1,0,1.3555096219574048,1,1,52.5542,2,1,3,3,0,1.0515683442816504
0,1,1,0.27961181545932834,0,0,5.0,2,1,2,1,1,-1.208550389612567
0,3,1,1.3555096219574048,0,0,9.0,2,0,2,1,1,-0.6811127586453682
1,2,0,-0.10463740114712752,1,0,24.0,0,0,3,2,0,0.26497567234198965
1,3,0,-1.1036853643239128,0,0,7.225,0,0,1,1,1,-0.8828741679067217
0,3,1,-0.719436147717457,0,0,9.8458,2,0,2,1,1,-0.5972795597045875
0,3,1,-0.7962859910387481,0,0,7.8958,2,0,2,1,1,-0.8019236166026618
0,3,1,-0.10463740114712752,0,0,7.8958,2,0,2,1,1,-0.8019236166026618
1,1,0,2.0471582118490255,0,1,83.1583,0,1,3,2,0,1.5182728441543658
1,2,0,-0.33518693111100106,0,1,26.0,2,0,3,2,0,0.3444394801955362
0,3,1,0.27961181545932834,0,0,7.8958,2,0,2,1,1,-0.8019236166026618
0,3,0,-0.5657364610748746,0,0,10.5167,2,0,1,1,1,-0.5353074585700541
0,2,1,-0.10463740114712752,0,0,10.5,2,0,2,1,1,-0.5368057694182641
0,3,1,-0.33518693111100106,0,0,7.05,2,0,2,1,1,-0.9050797531497122
0,3,0,0.7407108753870755,0,5,29.125,1,0,3,6,0,0.457519539438721
0,2,1,-0.1814872444684187,0,0,13.0,2,0,4,1,1,-0.3336984726090332
1,1,0,-0.7962859910387481,0,0,30.0,2,1,1,1,1,0.4870824563024251
0,3,0,-0.10463740114712752,1,2,23.45,2,0,1,4,0,0.24200663802437702
1,1,1,-0.2583370877897099,0,0,30.0,0,1,2,1,1,0.4870824563024251
0,3,1,0.20276197213803718,0,0,7.75,1,0,2,1,1,-0.8189865811572414
